{"X_mean": [38.34585201793722, 18.286434977578477, 15.05213004484305, 11.583520179372197, 16.710762331838566], "X_scale": [6.17103067287348, 2.9482296624640854, 6.389986206090744, 2.961028209383998, 3.4399683036419026], "y_mean": [121.72399103139014, 0.1793615470852018, -34.11337443946188], "y_scale": [20.619771972048863, 0.01589800383248314, 3.9510601323204546]}